--
-- PostgreSQL database dump
--

-- Dumped from database version 16.8 (Ubuntu 16.8-0ubuntu0.24.04.1)
-- Dumped by pg_dump version 16.8 (Ubuntu 16.8-0ubuntu0.24.04.1)

SET statement_timeout = 0;
SET lock_timeout = 0;
SET idle_in_transaction_session_timeout = 0;
SET client_encoding = 'UTF8';
SET standard_conforming_strings = on;
SELECT pg_catalog.set_config('search_path', '', false);
SET check_function_bodies = false;
SET xmloption = content;
SET client_min_messages = warning;
SET row_security = off;

--
-- Name: kruger; Type: SCHEMA; Schema: -; Owner: alejandro
--

CREATE SCHEMA kruger;


ALTER SCHEMA kruger OWNER TO alejandro;

SET default_tablespace = '';

SET default_table_access_method = heap;

--
-- Name: area; Type: TABLE; Schema: kruger; Owner: nay
--

CREATE TABLE kruger.area (
    id integer NOT NULL,
    nombre character varying NOT NULL,
    riesgo boolean,
    clima character varying NOT NULL,
    "tipo animal" character varying NOT NULL,
    terreno character varying NOT NULL
);


ALTER TABLE kruger.area OWNER TO nay;

--
-- Name: area_id_seq; Type: SEQUENCE; Schema: kruger; Owner: nay
--

ALTER TABLE kruger.area ALTER COLUMN id ADD GENERATED BY DEFAULT AS IDENTITY (
    SEQUENCE NAME kruger.area_id_seq
    START WITH 1
    INCREMENT BY 1
    NO MINVALUE
    NO MAXVALUE
    CACHE 1
);


--
-- Name: leones; Type: TABLE; Schema: kruger; Owner: najwa
--

CREATE TABLE kruger.leones (
    id integer NOT NULL,
    nombre character varying NOT NULL,
    sexo character varying NOT NULL,
    fecha_nacimiento date NOT NULL,
    manada_id integer
);


ALTER TABLE kruger.leones OWNER TO najwa;

--
-- Name: leones_id_seq; Type: SEQUENCE; Schema: kruger; Owner: najwa
--

ALTER TABLE kruger.leones ALTER COLUMN id ADD GENERATED ALWAYS AS IDENTITY (
    SEQUENCE NAME kruger.leones_id_seq
    START WITH 1
    INCREMENT BY 1
    NO MINVALUE
    NO MAXVALUE
    CACHE 1
);


--
-- Name: manada; Type: TABLE; Schema: kruger; Owner: nerea
--

CREATE TABLE kruger.manada (
    id integer NOT NULL,
    nombre character varying(50) NOT NULL,
    area_id integer NOT NULL
);


ALTER TABLE kruger.manada OWNER TO nerea;

--
-- Name: manadas_id_seq; Type: SEQUENCE; Schema: kruger; Owner: nerea
--

CREATE SEQUENCE kruger.manadas_id_seq
    AS integer
    START WITH 1
    INCREMENT BY 1
    NO MINVALUE
    NO MAXVALUE
    CACHE 1;


ALTER SEQUENCE kruger.manadas_id_seq OWNER TO nerea;

--
-- Name: manadas_id_seq; Type: SEQUENCE OWNED BY; Schema: kruger; Owner: nerea
--

ALTER SEQUENCE kruger.manadas_id_seq OWNED BY kruger.manada.id;


--
-- Name: material_medico; Type: TABLE; Schema: kruger; Owner: alejandro
--

CREATE TABLE kruger.material_medico (
    id integer NOT NULL,
    herramienta character varying(100) NOT NULL,
    recambios integer,
    permiso_id integer
);


ALTER TABLE kruger.material_medico OWNER TO alejandro;

--
-- Name: material_medico_id_seq; Type: SEQUENCE; Schema: kruger; Owner: alejandro
--

CREATE SEQUENCE kruger.material_medico_id_seq
    AS integer
    START WITH 1
    INCREMENT BY 1
    NO MINVALUE
    NO MAXVALUE
    CACHE 1;


ALTER SEQUENCE kruger.material_medico_id_seq OWNER TO alejandro;

--
-- Name: material_medico_id_seq; Type: SEQUENCE OWNED BY; Schema: kruger; Owner: alejandro
--

ALTER SEQUENCE kruger.material_medico_id_seq OWNED BY kruger.material_medico.id;


--
-- Name: nacimiento; Type: TABLE; Schema: kruger; Owner: nerea
--

CREATE TABLE kruger.nacimiento (
    id integer NOT NULL,
    fecha date NOT NULL,
    cantidad integer NOT NULL,
    id_manada integer NOT NULL
);


ALTER TABLE kruger.nacimiento OWNER TO nerea;

--
-- Name: nacimiento_id_seq; Type: SEQUENCE; Schema: kruger; Owner: nerea
--

CREATE SEQUENCE kruger.nacimiento_id_seq
    AS integer
    START WITH 1
    INCREMENT BY 1
    NO MINVALUE
    NO MAXVALUE
    CACHE 1;


ALTER SEQUENCE kruger.nacimiento_id_seq OWNER TO nerea;

--
-- Name: nacimiento_id_seq; Type: SEQUENCE OWNED BY; Schema: kruger; Owner: nerea
--

ALTER SEQUENCE kruger.nacimiento_id_seq OWNED BY kruger.nacimiento.id;


--
-- Name: personal_medico; Type: TABLE; Schema: kruger; Owner: alejandro
--

CREATE TABLE kruger.personal_medico (
    id integer NOT NULL,
    nombre character varying(100) NOT NULL,
    apellido character varying(100) NOT NULL,
    especialidad character varying(100)
);


ALTER TABLE kruger.personal_medico OWNER TO alejandro;

--
-- Name: personal_medico_id_seq; Type: SEQUENCE; Schema: kruger; Owner: alejandro
--

CREATE SEQUENCE kruger.personal_medico_id_seq
    AS integer
    START WITH 1
    INCREMENT BY 1
    NO MINVALUE
    NO MAXVALUE
    CACHE 1;


ALTER SEQUENCE kruger.personal_medico_id_seq OWNER TO alejandro;

--
-- Name: personal_medico_id_seq; Type: SEQUENCE OWNED BY; Schema: kruger; Owner: alejandro
--

ALTER SEQUENCE kruger.personal_medico_id_seq OWNED BY kruger.personal_medico.id;


--
-- Name: tratamiento_medico; Type: TABLE; Schema: kruger; Owner: nerea
--

CREATE TABLE kruger.tratamiento_medico (
    id integer NOT NULL,
    descripcion text NOT NULL,
    fecha date NOT NULL,
    id_individuo integer NOT NULL,
    id_personalmedico integer NOT NULL
);


ALTER TABLE kruger.tratamiento_medico OWNER TO nerea;

--
-- Name: tratamiento_medico_id_seq; Type: SEQUENCE; Schema: kruger; Owner: nerea
--

CREATE SEQUENCE kruger.tratamiento_medico_id_seq
    AS integer
    START WITH 1
    INCREMENT BY 1
    NO MINVALUE
    NO MAXVALUE
    CACHE 1;


ALTER SEQUENCE kruger.tratamiento_medico_id_seq OWNER TO nerea;

--
-- Name: tratamiento_medico_id_seq; Type: SEQUENCE OWNED BY; Schema: kruger; Owner: nerea
--

ALTER SEQUENCE kruger.tratamiento_medico_id_seq OWNED BY kruger.tratamiento_medico.id;


--
-- Name: vehiculos; Type: TABLE; Schema: kruger; Owner: alejandro
--

CREATE TABLE kruger.vehiculos (
    id integer NOT NULL,
    modelo character varying(20) NOT NULL,
    matricula character varying(6) NOT NULL,
    conductor_id integer
);


ALTER TABLE kruger.vehiculos OWNER TO alejandro;

--
-- Name: vehiculos_id_seq; Type: SEQUENCE; Schema: kruger; Owner: alejandro
--

CREATE SEQUENCE kruger.vehiculos_id_seq
    AS integer
    START WITH 1
    INCREMENT BY 1
    NO MINVALUE
    NO MAXVALUE
    CACHE 1;


ALTER SEQUENCE kruger.vehiculos_id_seq OWNER TO alejandro;

--
-- Name: vehiculos_id_seq; Type: SEQUENCE OWNED BY; Schema: kruger; Owner: alejandro
--

ALTER SEQUENCE kruger.vehiculos_id_seq OWNED BY kruger.vehiculos.id;


--
-- Name: manada id; Type: DEFAULT; Schema: kruger; Owner: nerea
--

ALTER TABLE ONLY kruger.manada ALTER COLUMN id SET DEFAULT nextval('kruger.manadas_id_seq'::regclass);


--
-- Name: material_medico id; Type: DEFAULT; Schema: kruger; Owner: alejandro
--

ALTER TABLE ONLY kruger.material_medico ALTER COLUMN id SET DEFAULT nextval('kruger.material_medico_id_seq'::regclass);


--
-- Name: nacimiento id; Type: DEFAULT; Schema: kruger; Owner: nerea
--

ALTER TABLE ONLY kruger.nacimiento ALTER COLUMN id SET DEFAULT nextval('kruger.nacimiento_id_seq'::regclass);


--
-- Name: personal_medico id; Type: DEFAULT; Schema: kruger; Owner: alejandro
--

ALTER TABLE ONLY kruger.personal_medico ALTER COLUMN id SET DEFAULT nextval('kruger.personal_medico_id_seq'::regclass);


--
-- Name: tratamiento_medico id; Type: DEFAULT; Schema: kruger; Owner: nerea
--

ALTER TABLE ONLY kruger.tratamiento_medico ALTER COLUMN id SET DEFAULT nextval('kruger.tratamiento_medico_id_seq'::regclass);


--
-- Name: vehiculos id; Type: DEFAULT; Schema: kruger; Owner: alejandro
--

ALTER TABLE ONLY kruger.vehiculos ALTER COLUMN id SET DEFAULT nextval('kruger.vehiculos_id_seq'::regclass);


--
-- Data for Name: area; Type: TABLE DATA; Schema: kruger; Owner: nay
--

INSERT INTO kruger.area (id, nombre, riesgo, clima, "tipo animal", terreno) VALUES (3, 'Sur', false, 'Soleado', 'Cebra\nLeón\nBuey\nElefante africano\nSuricata\nHipopótamo\nBúfalo\nLeopardo', 'Pantanoso');
INSERT INTO kruger.area (id, nombre, riesgo, clima, "tipo animal", terreno) VALUES (2, 'Central', false, 'Nublado', 'Cebra\nLeón\nBuey\nElefante africano\nSuricata\nHipopótamo\nBúfalo\nLeopardo', 'Arenoso');
INSERT INTO kruger.area (id, nombre, riesgo, clima, "tipo animal", terreno) VALUES (1, 'Norte', true, 'Lluvioso', 'Cebra\nLeón\nBuey\nElefante africano\nSuricata\nHipopótamo\nBúfalo\nLeopardo''', 'Montañoso');


--
-- Data for Name: leones; Type: TABLE DATA; Schema: kruger; Owner: najwa
--

INSERT INTO kruger.leones (id, nombre, sexo, fecha_nacimiento, manada_id) OVERRIDING SYSTEM VALUE VALUES (55, 'Moja', 'M', '2017-11-20', 1);
INSERT INTO kruger.leones (id, nombre, sexo, fecha_nacimiento, manada_id) OVERRIDING SYSTEM VALUE VALUES (10, 'Sarabi', 'F', '2016-11-08', 1);
INSERT INTO kruger.leones (id, nombre, sexo, fecha_nacimiento, manada_id) OVERRIDING SYSTEM VALUE VALUES (11, 'Kiara', 'F', '2019-02-25', 1);
INSERT INTO kruger.leones (id, nombre, sexo, fecha_nacimiento, manada_id) OVERRIDING SYSTEM VALUE VALUES (12, 'Kovu', 'M', '2018-09-10', 1);
INSERT INTO kruger.leones (id, nombre, sexo, fecha_nacimiento, manada_id) OVERRIDING SYSTEM VALUE VALUES (13, 'Zira', 'F', '2014-12-01', 1);
INSERT INTO kruger.leones (id, nombre, sexo, fecha_nacimiento, manada_id) OVERRIDING SYSTEM VALUE VALUES (14, 'Scar', 'M', '2013-04-22', 4);
INSERT INTO kruger.leones (id, nombre, sexo, fecha_nacimiento, manada_id) OVERRIDING SYSTEM VALUE VALUES (15, 'Uru', 'F', '2012-10-30', 4);
INSERT INTO kruger.leones (id, nombre, sexo, fecha_nacimiento, manada_id) OVERRIDING SYSTEM VALUE VALUES (16, 'Ahadi', 'M', '2012-03-14', 4);
INSERT INTO kruger.leones (id, nombre, sexo, fecha_nacimiento, manada_id) OVERRIDING SYSTEM VALUE VALUES (17, 'Vitani', 'F', '2017-08-19', 4);
INSERT INTO kruger.leones (id, nombre, sexo, fecha_nacimiento, manada_id) OVERRIDING SYSTEM VALUE VALUES (18, 'Kion', 'M', '2019-07-05', 4);
INSERT INTO kruger.leones (id, nombre, sexo, fecha_nacimiento, manada_id) OVERRIDING SYSTEM VALUE VALUES (19, 'Fuli', 'F', '2020-01-11', 4);
INSERT INTO kruger.leones (id, nombre, sexo, fecha_nacimiento, manada_id) OVERRIDING SYSTEM VALUE VALUES (20, 'Bunga', 'M', '2016-06-23', 2);
INSERT INTO kruger.leones (id, nombre, sexo, fecha_nacimiento, manada_id) OVERRIDING SYSTEM VALUE VALUES (21, 'Rani', 'F', '2021-04-09', 2);
INSERT INTO kruger.leones (id, nombre, sexo, fecha_nacimiento, manada_id) OVERRIDING SYSTEM VALUE VALUES (22, 'Makini', 'F', '2022-02-17', 2);
INSERT INTO kruger.leones (id, nombre, sexo, fecha_nacimiento, manada_id) OVERRIDING SYSTEM VALUE VALUES (2, 'Simba', 'M', '2017-05-12', 1);
INSERT INTO kruger.leones (id, nombre, sexo, fecha_nacimiento, manada_id) OVERRIDING SYSTEM VALUE VALUES (3, 'Nala', 'F', '2018-07-20', 1);
INSERT INTO kruger.leones (id, nombre, sexo, fecha_nacimiento, manada_id) OVERRIDING SYSTEM VALUE VALUES (4, 'Mufasa', 'M', '2015-03-15', 1);
INSERT INTO kruger.leones (id, nombre, sexo, fecha_nacimiento, manada_id) OVERRIDING SYSTEM VALUE VALUES (5, 'Sarabi', 'F', '2016-11-08', 2);
INSERT INTO kruger.leones (id, nombre, sexo, fecha_nacimiento, manada_id) OVERRIDING SYSTEM VALUE VALUES (6, 'Kiara', 'F', '2019-02-25', 2);
INSERT INTO kruger.leones (id, nombre, sexo, fecha_nacimiento, manada_id) OVERRIDING SYSTEM VALUE VALUES (7, 'Simba', 'M', '2017-05-12', 3);
INSERT INTO kruger.leones (id, nombre, sexo, fecha_nacimiento, manada_id) OVERRIDING SYSTEM VALUE VALUES (8, 'Nala', 'F', '2018-07-20', 2);
INSERT INTO kruger.leones (id, nombre, sexo, fecha_nacimiento, manada_id) OVERRIDING SYSTEM VALUE VALUES (9, 'Mufasa', 'M', '2015-03-15', 3);
INSERT INTO kruger.leones (id, nombre, sexo, fecha_nacimiento, manada_id) OVERRIDING SYSTEM VALUE VALUES (23, 'Kopa', 'M', '2015-09-13', 4);
INSERT INTO kruger.leones (id, nombre, sexo, fecha_nacimiento, manada_id) OVERRIDING SYSTEM VALUE VALUES (24, 'Tojo', 'M', '2016-11-29', 4);
INSERT INTO kruger.leones (id, nombre, sexo, fecha_nacimiento, manada_id) OVERRIDING SYSTEM VALUE VALUES (25, 'Chumvi', 'M', '2014-05-20', 4);
INSERT INTO kruger.leones (id, nombre, sexo, fecha_nacimiento, manada_id) OVERRIDING SYSTEM VALUE VALUES (26, 'Malka', 'M', '2013-08-08', 4);
INSERT INTO kruger.leones (id, nombre, sexo, fecha_nacimiento, manada_id) OVERRIDING SYSTEM VALUE VALUES (27, 'Mohatu', 'M', '2012-12-25', 4);
INSERT INTO kruger.leones (id, nombre, sexo, fecha_nacimiento, manada_id) OVERRIDING SYSTEM VALUE VALUES (28, 'Afua', 'M', '2015-10-01', 3);
INSERT INTO kruger.leones (id, nombre, sexo, fecha_nacimiento, manada_id) OVERRIDING SYSTEM VALUE VALUES (29, 'Asali', 'F', '2018-03-18', 3);
INSERT INTO kruger.leones (id, nombre, sexo, fecha_nacimiento, manada_id) OVERRIDING SYSTEM VALUE VALUES (30, 'Baba', 'M', '2019-12-12', 3);
INSERT INTO kruger.leones (id, nombre, sexo, fecha_nacimiento, manada_id) OVERRIDING SYSTEM VALUE VALUES (31, 'Jina', 'F', '2017-02-14', 1);
INSERT INTO kruger.leones (id, nombre, sexo, fecha_nacimiento, manada_id) OVERRIDING SYSTEM VALUE VALUES (32, 'Baraka', 'M', '2016-07-30', 1);
INSERT INTO kruger.leones (id, nombre, sexo, fecha_nacimiento, manada_id) OVERRIDING SYSTEM VALUE VALUES (33, 'Zuri', 'F', '2018-11-21', 1);
INSERT INTO kruger.leones (id, nombre, sexo, fecha_nacimiento, manada_id) OVERRIDING SYSTEM VALUE VALUES (34, 'Asha', 'F', '2019-03-03', 5);
INSERT INTO kruger.leones (id, nombre, sexo, fecha_nacimiento, manada_id) OVERRIDING SYSTEM VALUE VALUES (35, 'Jabari', 'M', '2020-09-17', 5);
INSERT INTO kruger.leones (id, nombre, sexo, fecha_nacimiento, manada_id) OVERRIDING SYSTEM VALUE VALUES (36, 'Amara', 'F', '2021-05-06', 5);
INSERT INTO kruger.leones (id, nombre, sexo, fecha_nacimiento, manada_id) OVERRIDING SYSTEM VALUE VALUES (37, 'Enzi', 'M', '2014-04-28', 5);
INSERT INTO kruger.leones (id, nombre, sexo, fecha_nacimiento, manada_id) OVERRIDING SYSTEM VALUE VALUES (38, 'Shani', 'F', '2015-06-15', 5);
INSERT INTO kruger.leones (id, nombre, sexo, fecha_nacimiento, manada_id) OVERRIDING SYSTEM VALUE VALUES (39, 'Tamu', 'F', '2016-10-19', 2);
INSERT INTO kruger.leones (id, nombre, sexo, fecha_nacimiento, manada_id) OVERRIDING SYSTEM VALUE VALUES (40, 'Imara', 'F', '2017-12-05', 2);
INSERT INTO kruger.leones (id, nombre, sexo, fecha_nacimiento, manada_id) OVERRIDING SYSTEM VALUE VALUES (41, 'Kito', 'M', '2018-01-22', 2);
INSERT INTO kruger.leones (id, nombre, sexo, fecha_nacimiento, manada_id) OVERRIDING SYSTEM VALUE VALUES (42, 'Penda', 'F', '2019-08-16', 2);
INSERT INTO kruger.leones (id, nombre, sexo, fecha_nacimiento, manada_id) OVERRIDING SYSTEM VALUE VALUES (43, 'Taji', 'M', '2020-04-04', 1);
INSERT INTO kruger.leones (id, nombre, sexo, fecha_nacimiento, manada_id) OVERRIDING SYSTEM VALUE VALUES (44, 'Zuberi', 'M', '2021-09-29', 1);
INSERT INTO kruger.leones (id, nombre, sexo, fecha_nacimiento, manada_id) OVERRIDING SYSTEM VALUE VALUES (45, 'Sefu', 'M', '2013-11-11', 1);
INSERT INTO kruger.leones (id, nombre, sexo, fecha_nacimiento, manada_id) OVERRIDING SYSTEM VALUE VALUES (46, 'Amani', 'F', '2012-07-07', 1);
INSERT INTO kruger.leones (id, nombre, sexo, fecha_nacimiento, manada_id) OVERRIDING SYSTEM VALUE VALUES (47, 'Shujaa', 'M', '2017-03-27', 3);
INSERT INTO kruger.leones (id, nombre, sexo, fecha_nacimiento, manada_id) OVERRIDING SYSTEM VALUE VALUES (48, 'Sanaa', 'F', '2018-12-13', 3);
INSERT INTO kruger.leones (id, nombre, sexo, fecha_nacimiento, manada_id) OVERRIDING SYSTEM VALUE VALUES (49, 'Jengo', 'M', '2019-06-18', 3);
INSERT INTO kruger.leones (id, nombre, sexo, fecha_nacimiento, manada_id) OVERRIDING SYSTEM VALUE VALUES (50, 'Maua', 'F', '2020-10-23', 3);
INSERT INTO kruger.leones (id, nombre, sexo, fecha_nacimiento, manada_id) OVERRIDING SYSTEM VALUE VALUES (51, 'Nuru', 'M', '2021-01-01', 3);
INSERT INTO kruger.leones (id, nombre, sexo, fecha_nacimiento, manada_id) OVERRIDING SYSTEM VALUE VALUES (52, 'Subira', 'F', '2022-03-15', 5);
INSERT INTO kruger.leones (id, nombre, sexo, fecha_nacimiento, manada_id) OVERRIDING SYSTEM VALUE VALUES (53, 'Tatu', 'M', '2015-08-02', 3);
INSERT INTO kruger.leones (id, nombre, sexo, fecha_nacimiento, manada_id) OVERRIDING SYSTEM VALUE VALUES (54, 'Pili', 'F', '2016-09-09', 2);


--
-- Data for Name: manada; Type: TABLE DATA; Schema: kruger; Owner: nerea
--

INSERT INTO kruger.manada (id, nombre, area_id) VALUES (1, 'Jasiri', 1);
INSERT INTO kruger.manada (id, nombre, area_id) VALUES (2, 'Simba Mkuu', 2);
INSERT INTO kruger.manada (id, nombre, area_id) VALUES (3, 'Moto', 1);
INSERT INTO kruger.manada (id, nombre, area_id) VALUES (4, 'Twiga Dogo', 3);
INSERT INTO kruger.manada (id, nombre, area_id) VALUES (5, 'Usiku', 2);


--
-- Data for Name: material_medico; Type: TABLE DATA; Schema: kruger; Owner: alejandro
--

INSERT INTO kruger.material_medico (id, herramienta, recambios, permiso_id) VALUES (1, 'Bisturí', 10, 1);
INSERT INTO kruger.material_medico (id, herramienta, recambios, permiso_id) VALUES (2, 'Estetoscopio', 5, 2);
INSERT INTO kruger.material_medico (id, herramienta, recambios, permiso_id) VALUES (3, 'Tensiometro', 6, 3);
INSERT INTO kruger.material_medico (id, herramienta, recambios, permiso_id) VALUES (4, 'Monitor cardíaco', 2, 2);
INSERT INTO kruger.material_medico (id, herramienta, recambios, permiso_id) VALUES (5, 'Microscopio', 3, 3);
INSERT INTO kruger.material_medico (id, herramienta, recambios, permiso_id) VALUES (6, 'Desfibrilador', 1, 4);
INSERT INTO kruger.material_medico (id, herramienta, recambios, permiso_id) VALUES (7, 'Pinzas quirúrgicas', 15, 2);
INSERT INTO kruger.material_medico (id, herramienta, recambios, permiso_id) VALUES (8, 'Guantes quirúrgicos', 100, 3);
INSERT INTO kruger.material_medico (id, herramienta, recambios, permiso_id) VALUES (9, 'Mascarillas N95', 200, 4);
INSERT INTO kruger.material_medico (id, herramienta, recambios, permiso_id) VALUES (10, 'Jeringuillas', 300, 1);
INSERT INTO kruger.material_medico (id, herramienta, recambios, permiso_id) VALUES (11, 'Sondas nasogástricas', 20, 2);
INSERT INTO kruger.material_medico (id, herramienta, recambios, permiso_id) VALUES (12, 'Termómetro digital', 8, 3);
INSERT INTO kruger.material_medico (id, herramienta, recambios, permiso_id) VALUES (13, 'Oxímetro de pulso', 4, 4);
INSERT INTO kruger.material_medico (id, herramienta, recambios, permiso_id) VALUES (14, 'Laringoscopio', 2, 2);
INSERT INTO kruger.material_medico (id, herramienta, recambios, permiso_id) VALUES (15, 'Electrocardiógrafo (ECG)', 1, 1);
INSERT INTO kruger.material_medico (id, herramienta, recambios, permiso_id) VALUES (16, 'Catéter intravenoso', 60, 3);
INSERT INTO kruger.material_medico (id, herramienta, recambios, permiso_id) VALUES (17, 'Bomba de infusión', 3, 4);


--
-- Data for Name: nacimiento; Type: TABLE DATA; Schema: kruger; Owner: nerea
--

INSERT INTO kruger.nacimiento (id, fecha, cantidad, id_manada) VALUES (1, '2024-06-10', 3, 1);
INSERT INTO kruger.nacimiento (id, fecha, cantidad, id_manada) VALUES (2, '2023-12-01', 5, 2);
INSERT INTO kruger.nacimiento (id, fecha, cantidad, id_manada) VALUES (3, '2020-12-01', 5, 3);
INSERT INTO kruger.nacimiento (id, fecha, cantidad, id_manada) VALUES (4, '2022-08-15', 2, 3);
INSERT INTO kruger.nacimiento (id, fecha, cantidad, id_manada) VALUES (5, '2021-01-10', 3, 4);
INSERT INTO kruger.nacimiento (id, fecha, cantidad, id_manada) VALUES (6, '2020-09-10', 2, 5);


--
-- Data for Name: personal_medico; Type: TABLE DATA; Schema: kruger; Owner: alejandro
--

INSERT INTO kruger.personal_medico (id, nombre, apellido, especialidad) VALUES (1, 'Alejandro', 'Serrato', 'Cirugía');
INSERT INTO kruger.personal_medico (id, nombre, apellido, especialidad) VALUES (2, 'Nerea', 'Sainz de Aja', 'Anestesiología');
INSERT INTO kruger.personal_medico (id, nombre, apellido, especialidad) VALUES (3, 'Maham', 'Sajid', 'Medicina general');
INSERT INTO kruger.personal_medico (id, nombre, apellido, especialidad) VALUES (4, 'Nahia', 'Otegi', 'Biología');
INSERT INTO kruger.personal_medico (id, nombre, apellido, especialidad) VALUES (5, 'Nawja', 'El Qortobi', 'Farmacología');


--
-- Data for Name: tratamiento_medico; Type: TABLE DATA; Schema: kruger; Owner: nerea
--

INSERT INTO kruger.tratamiento_medico (id, descripcion, fecha, id_individuo, id_personalmedico) VALUES (1, 'Tratamiento de heridas por confronta territorial', '2024-04-12', 24, 2);
INSERT INTO kruger.tratamiento_medico (id, descripcion, fecha, id_individuo, id_personalmedico) VALUES (2, 'Aplicación de antiparasitario subcutáneo', '2024-04-15', 36, 1);
INSERT INTO kruger.tratamiento_medico (id, descripcion, fecha, id_individuo, id_personalmedico) VALUES (3, 'Monitoreo de salud tras captura para colocación de collar GPS', '2024-04-18', 7, 4);
INSERT INTO kruger.tratamiento_medico (id, descripcion, fecha, id_individuo, id_personalmedico) VALUES (4, 'Sedación y extracción de espina en pata trasera', '2024-04-20', 15, 3);
INSERT INTO kruger.tratamiento_medico (id, descripcion, fecha, id_individuo, id_personalmedico) VALUES (5, 'Evaluación respiratoria por signos de tos persistente', '2024-04-22', 27, 5);
INSERT INTO kruger.tratamiento_medico (id, descripcion, fecha, id_individuo, id_personalmedico) VALUES (6, 'Control de sarna mediante tratamiento tópico', '2024-04-25', 33, 2);
INSERT INTO kruger.tratamiento_medico (id, descripcion, fecha, id_individuo, id_personalmedico) VALUES (7, 'Revisión postparto en hembra dominante', '2024-04-28', 50, 1);
INSERT INTO kruger.tratamiento_medico (id, descripcion, fecha, id_individuo, id_personalmedico) VALUES (8, 'Limpieza y sutura de herida infectada', '2024-05-01', 21, 3);
INSERT INTO kruger.tratamiento_medico (id, descripcion, fecha, id_individuo, id_personalmedico) VALUES (9, 'Chequeo general antes de reubicación de territorio', '2024-05-04', 45, 5);
INSERT INTO kruger.tratamiento_medico (id, descripcion, fecha, id_individuo, id_personalmedico) VALUES (10, 'Extracción de cuerpo extraño en cavidad oral', '2024-05-06', 19, 4);
INSERT INTO kruger.tratamiento_medico (id, descripcion, fecha, id_individuo, id_personalmedico) VALUES (21, 'Chequeo general urgente', '2025-05-13', 6, 1);
INSERT INTO kruger.tratamiento_medico (id, descripcion, fecha, id_individuo, id_personalmedico) VALUES (22, 'Chequeo rutinario', '2025-03-10', 21, 5);
INSERT INTO kruger.tratamiento_medico (id, descripcion, fecha, id_individuo, id_personalmedico) VALUES (23, 'Aplicación de vacuna anual', '2025-03-10', 21, 5);
INSERT INTO kruger.tratamiento_medico (id, descripcion, fecha, id_individuo, id_personalmedico) VALUES (24, 'Sedación para revisión dental', '2025-03-20', 7, 3);
INSERT INTO kruger.tratamiento_medico (id, descripcion, fecha, id_individuo, id_personalmedico) VALUES (25, 'Extracción de muela dañada', '2025-03-22', 7, 3);
INSERT INTO kruger.tratamiento_medico (id, descripcion, fecha, id_individuo, id_personalmedico) VALUES (26, 'Limpieza de heridas en flanco derecho', '2025-04-01', 3, 1);
INSERT INTO kruger.tratamiento_medico (id, descripcion, fecha, id_individuo, id_personalmedico) VALUES (27, 'Aplicación de antibióticos tópicos', '2025-04-03', 3, 2);
INSERT INTO kruger.tratamiento_medico (id, descripcion, fecha, id_individuo, id_personalmedico) VALUES (28, 'Control post tratamiento', '2025-04-08', 3, 1);


--
-- Data for Name: vehiculos; Type: TABLE DATA; Schema: kruger; Owner: alejandro
--

INSERT INTO kruger.vehiculos (id, modelo, matricula, conductor_id) VALUES (1, '4x4', 'GO4906', 4);
INSERT INTO kruger.vehiculos (id, modelo, matricula, conductor_id) VALUES (2, '4x4', 'BS8705', 4);
INSERT INTO kruger.vehiculos (id, modelo, matricula, conductor_id) VALUES (3, 'Bike', 'CE4802', 2);
INSERT INTO kruger.vehiculos (id, modelo, matricula, conductor_id) VALUES (4, 'Bike', 'JT3709', 2);
INSERT INTO kruger.vehiculos (id, modelo, matricula, conductor_id) VALUES (5, 'Bus', 'RC9501', 4);
INSERT INTO kruger.vehiculos (id, modelo, matricula, conductor_id) VALUES (6, 'Avioneta', 'JT2504', 3);


--
-- Name: area_id_seq; Type: SEQUENCE SET; Schema: kruger; Owner: nay
--

SELECT pg_catalog.setval('kruger.area_id_seq', 3, true);


--
-- Name: leones_id_seq; Type: SEQUENCE SET; Schema: kruger; Owner: najwa
--

SELECT pg_catalog.setval('kruger.leones_id_seq', 55, true);


--
-- Name: manadas_id_seq; Type: SEQUENCE SET; Schema: kruger; Owner: nerea
--

SELECT pg_catalog.setval('kruger.manadas_id_seq', 5, true);


--
-- Name: material_medico_id_seq; Type: SEQUENCE SET; Schema: kruger; Owner: alejandro
--

SELECT pg_catalog.setval('kruger.material_medico_id_seq', 26, true);


--
-- Name: nacimiento_id_seq; Type: SEQUENCE SET; Schema: kruger; Owner: nerea
--

SELECT pg_catalog.setval('kruger.nacimiento_id_seq', 6, true);


--
-- Name: personal_medico_id_seq; Type: SEQUENCE SET; Schema: kruger; Owner: alejandro
--

SELECT pg_catalog.setval('kruger.personal_medico_id_seq', 5, true);


--
-- Name: tratamiento_medico_id_seq; Type: SEQUENCE SET; Schema: kruger; Owner: nerea
--

SELECT pg_catalog.setval('kruger.tratamiento_medico_id_seq', 28, true);


--
-- Name: vehiculos_id_seq; Type: SEQUENCE SET; Schema: kruger; Owner: alejandro
--

SELECT pg_catalog.setval('kruger.vehiculos_id_seq', 6, true);


--
-- Name: leones ID; Type: CONSTRAINT; Schema: kruger; Owner: najwa
--

ALTER TABLE ONLY kruger.leones
    ADD CONSTRAINT "ID" PRIMARY KEY (id);


--
-- Name: area area_pk; Type: CONSTRAINT; Schema: kruger; Owner: nay
--

ALTER TABLE ONLY kruger.area
    ADD CONSTRAINT area_pk PRIMARY KEY (id);


--
-- Name: manada manadas_pkey; Type: CONSTRAINT; Schema: kruger; Owner: nerea
--

ALTER TABLE ONLY kruger.manada
    ADD CONSTRAINT manadas_pkey PRIMARY KEY (id);


--
-- Name: material_medico material_medico_pkey; Type: CONSTRAINT; Schema: kruger; Owner: alejandro
--

ALTER TABLE ONLY kruger.material_medico
    ADD CONSTRAINT material_medico_pkey PRIMARY KEY (id);


--
-- Name: nacimiento nacimiento_pkey; Type: CONSTRAINT; Schema: kruger; Owner: nerea
--

ALTER TABLE ONLY kruger.nacimiento
    ADD CONSTRAINT nacimiento_pkey PRIMARY KEY (id);


--
-- Name: personal_medico personal_medico_pkey; Type: CONSTRAINT; Schema: kruger; Owner: alejandro
--

ALTER TABLE ONLY kruger.personal_medico
    ADD CONSTRAINT personal_medico_pkey PRIMARY KEY (id);


--
-- Name: tratamiento_medico tratamiento_medico_pkey; Type: CONSTRAINT; Schema: kruger; Owner: nerea
--

ALTER TABLE ONLY kruger.tratamiento_medico
    ADD CONSTRAINT tratamiento_medico_pkey PRIMARY KEY (id);


--
-- Name: vehiculos vehiculos_pkey; Type: CONSTRAINT; Schema: kruger; Owner: alejandro
--

ALTER TABLE ONLY kruger.vehiculos
    ADD CONSTRAINT vehiculos_pkey PRIMARY KEY (id);


--
-- Name: vehiculos conductor_personal; Type: FK CONSTRAINT; Schema: kruger; Owner: alejandro
--

ALTER TABLE ONLY kruger.vehiculos
    ADD CONSTRAINT conductor_personal FOREIGN KEY (conductor_id) REFERENCES kruger.personal_medico(id);


--
-- Name: manada fk_area; Type: FK CONSTRAINT; Schema: kruger; Owner: nerea
--

ALTER TABLE ONLY kruger.manada
    ADD CONSTRAINT fk_area FOREIGN KEY (area_id) REFERENCES kruger.area(id) ON UPDATE CASCADE ON DELETE CASCADE;


--
-- Name: tratamiento_medico fk_individuo; Type: FK CONSTRAINT; Schema: kruger; Owner: nerea
--

ALTER TABLE ONLY kruger.tratamiento_medico
    ADD CONSTRAINT fk_individuo FOREIGN KEY (id_individuo) REFERENCES kruger.leones(id) ON UPDATE CASCADE ON DELETE CASCADE;


--
-- Name: nacimiento fk_manada; Type: FK CONSTRAINT; Schema: kruger; Owner: nerea
--

ALTER TABLE ONLY kruger.nacimiento
    ADD CONSTRAINT fk_manada FOREIGN KEY (id_manada) REFERENCES kruger.manada(id) ON UPDATE CASCADE ON DELETE CASCADE;


--
-- Name: leones fk_manada; Type: FK CONSTRAINT; Schema: kruger; Owner: najwa
--

ALTER TABLE ONLY kruger.leones
    ADD CONSTRAINT fk_manada FOREIGN KEY (manada_id) REFERENCES kruger.manada(id);


--
-- Name: material_medico fk_personal_herramienta; Type: FK CONSTRAINT; Schema: kruger; Owner: alejandro
--

ALTER TABLE ONLY kruger.material_medico
    ADD CONSTRAINT fk_personal_herramienta FOREIGN KEY (permiso_id) REFERENCES kruger.personal_medico(id);


--
-- Name: tratamiento_medico fk_personalmedico; Type: FK CONSTRAINT; Schema: kruger; Owner: nerea
--

ALTER TABLE ONLY kruger.tratamiento_medico
    ADD CONSTRAINT fk_personalmedico FOREIGN KEY (id_personalmedico) REFERENCES kruger.personal_medico(id) ON UPDATE CASCADE ON DELETE CASCADE;


--
-- Name: SCHEMA public; Type: ACL; Schema: -; Owner: pg_database_owner
--

REVOKE USAGE ON SCHEMA public FROM PUBLIC;
GRANT ALL ON SCHEMA public TO PUBLIC;


--
-- Name: DEFAULT PRIVILEGES FOR SEQUENCES; Type: DEFAULT ACL; Schema: public; Owner: postgres
--

ALTER DEFAULT PRIVILEGES FOR ROLE postgres IN SCHEMA public GRANT ALL ON SEQUENCES TO PUBLIC;


--
-- Name: DEFAULT PRIVILEGES FOR TABLES; Type: DEFAULT ACL; Schema: public; Owner: postgres
--

ALTER DEFAULT PRIVILEGES FOR ROLE postgres IN SCHEMA public GRANT ALL ON TABLES TO PUBLIC;


--
-- PostgreSQL database dump complete
--

